{"count":1,"gauges":{"PushBlock.CumulativeReward":{"count":194,"max":4.9962,"min":4.862999,"value":4.9734,"weightedAverage":4.97929764}},"self":14.422060799999999,"total":16.0888325,"children":{"AgentSendState":{"count":706,"self":0.115801,"total":0.16763609999999998,"children":{"CollectObservations":{"count":4544,"self":0.021745499999999997,"total":0.021745499999999997,"children":null},"CollectDiscreteActionMasks":{"count":4544,"self":0.030089599999999998,"total":0.030089599999999998,"children":null}}},"DecideAction":{"count":706,"self":1.1027837,"total":1.4219297,"children":{"RayPerceptionSensor.Perceive":{"count":9088,"self":0.319146,"total":0.319146,"children":null}}},"AgentAct":{"count":706,"self":0.0762071,"total":0.0762071,"children":null}}}