{"count":1,"gauges":{"PoliceBrain.CumulativeReward":{"count":7,"max":0.610000134,"min":-6.11999941,"value":-2.3,"weightedAverage":-3.10428643},"PoliceBrain2.CumulativeReward":{"count":11,"max":-2.28,"min":-9.010065,"value":-2.39999986,"weightedAverage":-2.71449757}},"self":24.653916799999998,"total":30.4165863,"children":{"AgentSendState":{"count":1490,"self":0.0340031,"total":0.0426096,"children":{"CollectObservations":{"count":447,"self":0.0057209999999999995,"total":0.0057209999999999995,"children":null},"CollectDiscreteActionMasks":{"count":447,"self":0.0028855,"total":0.0028855,"children":null}}},"DecideAction":{"count":1490,"self":4.1392472,"total":5.6650784,"children":{"RayPerceptionSensor.Perceive":{"count":447,"self":0.09437559999999999,"total":0.09437559999999999,"children":null},"CameraSensor.WriteToTensor":{"count":447,"self":1.4314555,"total":1.4314555,"children":null}}},"AgentAct":{"count":1490,"self":0.0539834,"total":0.0539834,"children":null}}}