{"count":1,"gauges":{"PoliceBrain2.CumulativeReward":{"count":59,"max":0.99,"min":-14.09025,"value":-4.06999874,"weightedAverage":-3.70135355},"PoliceBrain.CumulativeReward":{"count":41,"max":-0.11999929,"min":-16.5702381,"value":-4.03999853,"weightedAverage":-3.80113578}},"self":186.1964544,"total":215.6324352,"children":{"AgentSendState":{"count":10451,"self":0.18862969999999998,"total":0.2292477,"children":{"CollectObservations":{"count":3137,"self":0.0228137,"total":0.0228137,"children":null},"CollectDiscreteActionMasks":{"count":3137,"self":0.0178043,"total":0.0178043,"children":null}}},"DecideAction":{"count":10451,"self":20.158054399999997,"total":28.9468036,"children":{"RayPerceptionSensor.Perceive":{"count":3137,"self":0.64353399999999994,"total":0.64353399999999994,"children":null},"CameraSensor.WriteToTensor":{"count":3137,"self":8.1452144,"total":8.1452145,"children":null}}},"AgentAct":{"count":10451,"self":0.25992689999999996,"total":0.25992689999999996,"children":null}}}