{"count":1,"gauges":{"PoliceBrain.CumulativeReward":{"count":678,"max":0.99,"min":-7.580033,"value":-0.1099993,"weightedAverage":-1.85715938},"PoliceBrain2.CumulativeReward":{"count":3705,"max":1,"min":-5.739997,"value":0,"weightedAverage":0.00445590774}},"self":185.002752,"total":3600.9906840999997,"children":{"AgentSendState":{"count":80451,"self":8.5061128,"total":804.9413389,"children":{"CollectObservations":{"count":217233,"self":1.649579,"total":1.649579,"children":null},"CollectDiscreteActionMasks":{"count":217233,"self":0.8379647,"total":0.8379647,"children":null},"AgentInfo.ToProto":{"count":217233,"self":3.0446028,"total":793.9476826,"children":{"GenerateSensorData":{"count":217233,"self":163.78860799999998,"total":790.9030799,"children":{"CameraSensor.WriteToTensor":{"count":217233,"self":575.5104256,"total":575.5104024,"children":null},"RayPerceptionSensor.Perceive":{"count":217233,"self":51.604067199999996,"total":51.604066499999995,"children":null}}}}}}},"DecideAction":{"count":80451,"self":2580.1562111999997,"total":2580.1562369999997,"children":null},"AgentAct":{"count":80451,"self":3.0976774,"total":3.0976774,"children":null},"AgentInfo.ToProto":{"count":4383,"self":0.093280599999999991,"total":27.792684299999998,"children":{"GenerateSensorData":{"count":4383,"self":3.4582591999999996,"total":27.699403699999998,"children":{"CameraSensor.WriteToTensor":{"count":4383,"self":22.9723088,"total":22.972309199999998,"children":null},"RayPerceptionSensor.Perceive":{"count":4383,"self":1.2688352,"total":1.2688352,"children":null}}}}}}}